<?xml version="1.0" encoding="UTF-8"?>
<insituto xmlns:xsi="http://www.w3.org/2001/XMLSchema-instance"
xsi:noNamespaceSchemaLocation="instituto.xsd">
    <alumnos>
        <alumno dni="544691254j">
            <nombre>OSCAR</nombre>
            <apellido1>GOMEZ</apellido1>
            <apellido2>Pérez</apellido2>
            <telefono>634152412</telefono>
        </alumno>
        <alumno dni="77546325J">
            <nombre>MARCOS</nombre>
            <apellido1>PEREZ</apellido1>
            <apellido2>GRAIÑO</apellido2>
            <telefono>618574526</telefono>
        </alumno>
    </alumnos>
    <modulos>
        <modulo id="1">
            <nombre>ENTORNOS DE DESARROLLO</nombre>
            <curso>2º</curso>
            <ciclo>Desarrollo de Aplicaciones Multiplataforma</ciclo>
            <horas>78</horas>
        </modulo>
        <modulo id="2">
            <nombre>BASES DE DATOS</nombre>
            <curso>2º</curso>
            <ciclo>Desarrollo de Aplicaciones Multiplataforma</ciclo>
            <horas>124</horas>
        </modulo>
    </modulos>
    <resultados>
        <cursa alumno="544691254j" modulo="1">
            <anho>2023</anho>
            <nota>7.5</nota>
        </cursa>
        <cursa alumno="77546325J" modulo="2">
            <anho>2023</anho>
            <nota>9</nota>
        </cursa>
        <cursa alumno="75842514j" modulo="1">
            <anho>2023</anho>
            <nota>8</nota>
        </cursa>
        <cursa alumno="55698742K" modulo="2">
            <anho>2023</anho>
            <nota>1.5</nota>
        </cursa>
    </resultados>
</insituto>