<?xml version="1.0" encoding="UTF-8"?>

<discos>
    
    <disco nombre="Currents" artista="Tame Impala" genero="Musica Alternativa" año="2016">
        <cancion nombre="Let It happen" duracion="3:08" />
        <cancion nombre="Nangs" duracion="3:55" />
        <cancion nombre="The Less I know de Better" duracion="2:46" />
        <cancion nombre="Eventually" duracion="2:58" />
        <cancion nombre="Past Life" duracion="3:08" />
        <cancion nombre="Cause Im a man" duracion="3:19" />
        <cancion nombre="Gossip" duracion="4:06" />
        <cancion nombre="Disciplines" duracion="3:56" />
        <cancion nombre="New Person, same old mistakes" duracion="2:34" />
       
    </disco>

</discos>