<?xml version="1.0" encoding="UTF-8"?>

<disco>

    <disco nombre="In The Lonely Hour" artista="Sam Smith" genero="Pop" año="2014">

        <cancion nombre="Money In Youre mind" duracion="3:08" />
        <cancion nombre="Good Thing" duracion="3:55" />
        <cancion nombre="Stay with me" duracion="2:46" />
        <cancion nombre="LEAVE YOUR LOVER" duracion="2:58" />
        <cancion nombre="LIKE I CAN" duracion="3:08" />
        <cancion nombre="LIFE SUPPORT" duracion="3:19" />
        <cancion nombre="NOT IN THAT WAY" duracion="4:06" />
        <cancion nombre="LAY ME DOWN" duracion="3:56" />
        <cancion nombre="New Person, same old mistakes" duracion="2:34" />
       
    </disco>

</disco>