<?xml version="1.0" encoding="UTF-8"?>

<discos>

    <disco nombre="Saturno" artista="Rauw Alejandro" genero="Regaeton Tecno" año="2022">
        <cancion nombre="Saturno" duracion="3:08" />
        <cancion nombre="Punto 40" duracion="3:55" />
        <cancion nombre="MAS DE UNA VEZ" duracion="2:46" />
        <cancion nombre="LEJOS DEL CIELO" duracion="2:58" />
        <cancion nombre="DEJAU" duracion="3:08" />
        <cancion nombre="GATAS" duracion="3:19" />
        <cancion nombre="TRACK7" duracion="4:06" />
        <cancion nombre="CAZADORES" duracion="3:56" />
        <cancion nombre="VERDE MENTA" duracion="2:34" />
        <cancion nombre="CORAZON DESPEINADO" duracion="4:06" />
        <cancion nombre="DIME QUIEN???" duracion="3:56" />
        <cancion nombre="LOKERA" duracion="2:34" />
       
    </disco>
</discos>