<?xml version="1.0" encoding="UTF-8"?>

<discos>

    <disco nombre="The Division Bell" artista="Pink Floyd" genero="Rock Psicodelico" año="1990">
        <cancion nombre="Cluster One" duracion="7:05" />
        <cancion nombre="Marooned" duracion="6:23" />
        <cancion nombre="Poles Apart" duracion="7:50" />
        <cancion nombre="Keep Talking" duracion="7:05" />
        <cancion nombre="Take It Back" duracion="6:23" />
        <cancion nombre="High Hopes" duracion="7:50" />
    </disco>

</discos>