<?xml version="1.0" encoding="UTF-8"?>


<discos>
    
    <disco nombre="Un Verano Sin Ti" artista="Bad Bunny" genero="Regaeton" año="2022">
        <cancion nombre="Moscow Mule" duracion="3:08" />
        <cancion nombre="Enseñame a bailar" duracion="3:55" />
        <cancion nombre="Tarot" duracion="2:46" />
        <cancion nombre="Un Verano Sin Ti" duracion="2:58" />
        <cancion nombre="Me porto bonito" duracion="3:08" />
        <cancion nombre="Tu me dejaste de querer" duracion="3:19" />
        <cancion nombre="Titi me pregunto" duracion="4:06" />
        <cancion nombre="Neverita" duracion="3:56" />
        <cancion nombre="Party" duracion="2:34" />
        <cancion nombre="Efecto" duracion="2:34" />

    </disco>

</discos>