<?xml version="1.0" encoding="UTF-8" ?>
<Elementos>
    <Elemento id="1">
        <Subelemento_1>Subelemento 1</Subelemento_1>
        <Subelemento_2>Subelemento 2</Subelemento_2>
        <Subelemento_3>Subelemento 3</Subelemento_3>
        <Subelemento_4>Subelemento 4</Subelemento_4>
    </Elemento>
    <Elemento id="2">
        <Subelemento_1>Subelemento 1</Subelemento_1>
        <Subelemento_2>Subelemento 2</Subelemento_2>
        <Subelemento_3>Subelemento 3</Subelemento_3>
        <Subelemento_4>Subelemento 4</Subelemento_4>
    </Elemento>
    <Elemento id="3">
        <Subelemento_1>Subelemento 1</Subelemento_1>
        <Subelemento_2>Subelemento 2</Subelemento_2>
        <Subelemento_3>Subelemento 3</Subelemento_3>
        <Subelemento_4>Subelemento 4</Subelemento_4>
    </Elemento>
    <Elemento id="4">
        <Subelemento_1>Subelemento 1</Subelemento_1>
        <Subelemento_2>Subelemento 2</Subelemento_2>
        <Subelemento_3>Subelemento 3</Subelemento_3>
        <Subelemento_4>Subelemento 4</Subelemento_4>
    </Elemento>
    <Elemento id="5">
        <Subelemento_1>Subelemento 1</Subelemento_1>
        <Subelemento_2>Subelemento 2</Subelemento_2>
        <Subelemento_3>Subelemento 3</Subelemento_3>
        <Subelemento_4>Subelemento 4</Subelemento_4>
    </Elemento>
</Elementos>
